Addition title,500,499,498,497,496,495,494,493,492,491,490,489,488,487,486,485,484,483,482,481,480,479,478,477,476,475,474,473,472,471,470,469,468,467,466,465,464,463,462,461,460,459,458,457,456,455,454,453,452,451,450,449,448,447,446,445,444,443,442,441,440,439,438,437,436,435,434,433,432,431,430,429,428,427,426,425,424,423,422,421,420,419,418,417,416,415,414,413,412,411,410,409,408,407,406,405,404,403,402,401,400,399,398,397,396,395,394,393,392,391,390,389,388,387,386,385,384,383,382,381,380,379,378,377,376,375,374,373,372,371,370,369,368,367,366,365,364,363,362,361,360,359,358,357,356,355,354,353,352,351,350,349,348,347,346,345,344,343,342,341,340,339,338,337,336,335,334,333,332,331,330,329,328,327,326,325,324,323,322,321,320,319,318,317,316,315,314,313,312,311,310,309,308,307,306,305,304,303,302,301,300,299,298,297,296,295,294,293,292,291,290,289,288,287,286,285,284,283,282,281,280,279,278,277,276,275,274,273,272,271,270,269,268,267,266,265,264,263,262,261,260,259,258,257,256,255,254,253,252,251,250,249,248,247,246,245,244,243,242,241,240,239,238,237,236,235,234,233,232,231,230,229,228,227,226,225,224,223,222,221,220,219,218,217,216,215,214,213,212,211,210,209,208,207,206,205,204,203,202,201,200,,Stock 1 volume (uL),Stock 2 volume (uL),,,Stock 1,Stock 2
dos23-3 0 uL,0.001614346,0.001597172,0.00152347,0.001619049,0.00167702,0.001639862,0.00150526,0.001511572,0.001611618,0.00168175,0.001565736,0.001458974,0.001571659,0.001485389,0.001328712,0.001388462,0.001728294,0.001732686,0.001676735,0.001618686,0.0015979,0.001534354,0.001686739,0.001654543,0.001674318,0.001688844,0.001560332,0.00163586,0.001605539,0.001669381,0.001604733,0.001525704,0.001571504,0.001551681,0.001644903,0.001789581,0.001574413,0.00171964,0.001610865,0.001679957,0.001670134,0.001823737,0.001676033,0.001705632,0.001641213,0.001793402,0.001767877,0.001733934,0.001795091,0.001831015,0.001717769,0.001680035,0.001851708,0.001756805,0.001732712,0.001815419,0.001774583,0.001756571,0.001673798,0.001695913,0.001757377,0.001767799,0.001793948,0.001776195,0.00172489,0.001727982,0.001760262,0.001791816,0.001735805,0.001739522,0.001699525,0.001668289,0.001771802,0.001777078,0.001702566,0.001782927,0.001768111,0.001739106,0.001610527,0.001727358,0.00177188,0.001844091,0.001657297,0.001704359,0.001752387,0.00174932,0.001669926,0.001688584,0.001704723,0.00169334,0.001742095,0.001755584,0.001736949,0.001743082,0.001714234,0.001738014,0.001720523,0.001764499,0.001731179,0.001729905,0.001686817,0.001775129,0.001798003,0.001892733,0.001915067,0.001843727,0.001987224,0.001906096,0.002060615,0.002207591,0.00224956,0.002137427,0.002321903,0.002487296,0.002419845,0.002396314,0.002593113,0.002586447,0.002651267,0.002841381,0.002755327,0.003007284,0.003046645,0.003146264,0.003173251,0.003287165,0.003371394,0.003407501,0.003616087,0.003723068,0.003828352,0.00396378,0.00395401,0.004194641,0.004177234,0.004270864,0.004327412,0.004392021,0.004761063,0.004810425,0.00492477,0.004842987,0.005224595,0.005255485,0.0053711,0.005451094,0.005639292,0.005742811,0.00570373,0.005831794,0.005875191,0.006090374,0.006204793,0.006227691,0.006372958,0.006571227,0.006628102,0.00657488,0.006737773,0.006878057,0.006843843,0.00703296,0.006939364,0.007087396,0.007176207,0.007232135,0.007346829,0.007431507,0.007533295,0.007536482,0.00762017,0.007707536,0.007575439,0.007823673,0.007904675,0.00785206,0.008058494,0.008135214,0.008211577,0.008350016,0.008576303,0.008760233,0.008846931,0.008993844,0.009238739,0.009615231,0.0097511,0.010135299,0.010944826,0.011755786,0.013164824,0.014820031,0.016922504,0.019222401,0.021898057,0.024947885,0.027511891,0.029360516,0.030525552,0.031405754,0.032642763,0.034348022,0.036985576,0.040095288,0.043335218,0.046964169,0.050471343,0.053761639,0.055960767,0.057668243,0.059054717,0.060891632,0.063066699,0.066229068,0.069942847,0.074036568,0.078164473,0.082127221,0.086992018,0.091972634,0.097489268,0.104501411,0.11157953,0.120717645,0.129599273,0.140663937,0.1507532,0.162421033,0.171934485,0.184942037,0.198070407,0.211104468,0.223738939,0.237141162,0.251599908,0.266370535,0.278696686,0.290545166,0.304079175,0.314422131,0.325312734,0.336731643,0.346466273,0.356056124,0.364746541,0.372069836,0.379744977,0.385189146,0.390020818,0.394544631,0.39743948,0.399569333,0.40034616,0.400834948,0.400232077,0.398443431,0.395566195,0.393636644,0.390348703,0.386345923,0.382004529,0.377281427,0.373751938,0.370472848,0.368205249,0.367110401,0.367865324,0.371284604,0.377220631,0.387630761,0.401524842,0.41669631,0.442810774,0.476586938,0.511699796,0.565265298,0.616719186,0.677286744,0.734812677,0.790086389,0.842761934,0.885116279,0.917889416,0.949742377,0.972047091,0.990392447,0.998986304,0.998662591,0.990908265,0.971889794,0.951707482,0.922881067,0.891530573,0.861480773,0.825907111,0.787664056,0.748182416,0.71035701,0.674851,0.64058274,0.613176346,,2000,0,,[Host] (mM),0.047,0.047
dos23-3 1 uL,0.001699759,0.00175561,0.00163573,0.001736403,0.001782875,0.001672993,0.001639524,0.001628065,0.001763979,0.001867514,0.001625259,0.001628637,0.001670342,0.001610891,0.001502974,0.001485415,0.001781679,0.001821267,0.001748878,0.0017593,0.001689728,0.001670238,0.001775103,0.001890523,0.001899467,0.001860079,0.001626948,0.001732218,0.001719614,0.001742484,0.001621154,0.001616945,0.001758209,0.001671485,0.001837826,0.001873208,0.00176663,0.001781939,0.001847861,0.001825219,0.00179283,0.0019866,0.001888391,0.001766968,0.001763173,0.001869698,0.001846587,0.00186884,0.001995441,0.001868424,0.001835929,0.001733336,0.001863823,0.001847185,0.001879057,0.001933007,0.001892369,0.001917875,0.001850668,0.001858987,0.001859377,0.001905499,0.001875574,0.001984285,0.001855686,0.001809492,0.001950793,0.001862549,0.001945774,0.00181742,0.001757013,0.001774245,0.001840998,0.001897725,0.001815627,0.00185098,0.001880955,0.001854464,0.001819162,0.001884127,0.001852852,0.001862627,0.001789503,0.001709452,0.001793402,0.001769463,0.001732296,0.00177318,0.001823399,0.001764836,0.00180094,0.001794156,0.001842038,0.001881917,0.001805385,0.001845287,0.001879681,0.001868736,0.001836501,0.001821345,0.001831015,0.001994037,0.001940418,0.00200665,0.001983583,0.001988186,0.002262675,0.002125851,0.002290284,0.002292444,0.002449781,0.002280317,0.002478886,0.002451655,0.002459674,0.002516117,0.002655824,0.002744907,0.002809464,0.002800084,0.002908923,0.003002645,0.003182039,0.003309049,0.00333636,0.003459501,0.00357336,0.003578084,0.003711267,0.003794168,0.003887037,0.004010152,0.00417347,0.004371155,0.004479368,0.004444558,0.004523441,0.004647783,0.004935949,0.005054805,0.005073242,0.005070335,0.005485749,0.005337529,0.005598908,0.005636459,0.005842026,0.006034672,0.006014566,0.006081186,0.006102161,0.006271127,0.006347348,0.006517801,0.006559532,0.006866511,0.006782469,0.006794696,0.006923451,0.006949306,0.006956067,0.007323846,0.007263142,0.007355228,0.007474037,0.00748199,0.007601782,0.007688195,0.00783585,0.007816267,0.008035078,0.008096022,0.007963966,0.0082569,0.008304946,0.008295711,0.008667902,0.008633362,0.008897499,0.009069169,0.009356239,0.009740617,0.009818111,0.010240213,0.010455927,0.010943632,0.011270197,0.01171076,0.012568182,0.013474694,0.014964129,0.016765162,0.018677535,0.02107483,0.023689838,0.026853008,0.02934376,0.031263467,0.0325814,0.033498861,0.034881726,0.03677541,0.03940047,0.042319626,0.045584131,0.049297936,0.052893084,0.056188561,0.058734607,0.060562994,0.062175769,0.064174987,0.066529103,0.069765292,0.073487133,0.07790789,0.082170039,0.086650133,0.091032967,0.096392982,0.102761097,0.109675333,0.116967671,0.125663564,0.135220632,0.146001458,0.156145603,0.167858824,0.176835686,0.191001564,0.203577176,0.216585606,0.229304969,0.242288142,0.255987465,0.270394772,0.28313449,0.294640183,0.307708621,0.317546696,0.328153968,0.339079499,0.348846853,0.357959122,0.365947872,0.373279482,0.379998982,0.384881437,0.389515132,0.39337346,0.395938754,0.397473395,0.397935063,0.398189336,0.397163451,0.394958288,0.391823471,0.389625937,0.386202157,0.381846875,0.377496839,0.372570366,0.369111657,0.365895003,0.363683015,0.363008648,0.36412403,0.368095249,0.374513984,0.384987801,0.399622679,0.415192157,0.441672474,0.474499971,0.509812415,0.5635373,0.616765082,0.672760665,0.732655406,0.785749137,0.836593092,0.879426003,0.912528873,0.941481888,0.961562157,0.978743553,0.98852706,0.987885058,0.979728401,0.961621463,0.940369606,0.91054666,0.881361723,0.85189867,0.816528976,0.778422177,0.740567744,0.703521133,0.670449793,0.63387537,0.607488453,,2000,1,,[Guest] (mM),0,40.7
dos23-3 2 uL,0.001616113,0.001608578,0.001604369,0.001555318,0.001722213,0.001582909,0.001616919,0.001585273,0.001718496,0.001706334,0.001627831,0.001484714,0.00154568,0.001509053,0.00141438,0.0013935,0.001653997,0.001696744,0.001690481,0.001682556,0.001646358,0.001631001,0.00172255,0.001755584,0.00156584,0.001615386,0.001544589,0.001712675,0.001668783,0.001736689,0.001616711,0.001571166,0.001564619,0.001515339,0.001612216,0.001830236,0.001726995,0.001706204,0.001645085,0.001758806,0.001700305,0.00187014,0.001733388,0.001731205,0.001709556,0.001750905,0.001903965,0.001748852,0.001905135,0.001804215,0.001709088,0.001724993,0.00180198,0.001739184,0.001751581,0.001827662,0.001741757,0.00173318,0.001690975,0.001799666,0.001796755,0.001830911,0.001786436,0.001850772,0.001767747,0.001786176,0.001822073,0.00172346,0.001856856,0.001807438,0.001740457,0.001750463,0.0017593,0.001814951,0.00174867,0.001695107,0.001777806,0.001765408,0.001686298,0.001873702,0.001710466,0.001834603,0.001630066,0.001701916,0.001734168,0.001684764,0.001710804,0.001788931,0.001703839,0.001661143,0.001705736,0.001711271,0.001804527,0.00176099,0.0017094,0.001793012,0.001792596,0.001782823,0.001741367,0.001719614,0.001657531,0.001883555,0.001890653,0.001925753,0.001933475,0.001938936,0.002090631,0.002006389,0.00213277,0.002225154,0.002331818,0.002190732,0.002356829,0.002537858,0.00248503,0.002509556,0.002636005,0.002670488,0.002627697,0.002805608,0.002848937,0.002908323,0.003122823,0.003222798,0.003294677,0.003232891,0.003372672,0.003526252,0.003634934,0.00381297,0.003806677,0.003947035,0.004105522,0.004273112,0.004313006,0.004381274,0.004483867,0.004552999,0.005020184,0.005032178,0.00502427,0.005084478,0.005401817,0.005369685,0.005519594,0.005536478,0.005709631,0.005904867,0.005904867,0.006128493,0.006124791,0.006216058,0.006363108,0.006478466,0.00660831,0.006835953,0.006815284,0.006825961,0.00697982,0.006994814,0.007060138,0.007317159,0.007340511,0.007374527,0.007483333,0.007564929,0.007637847,0.00776203,0.008027431,0.007976568,0.008043305,0.008279406,0.008158213,0.00836796,0.008479233,0.008667083,0.009017418,0.009074429,0.009226231,0.009523221,0.009920751,0.010279043,0.010518723,0.01094995,0.01126313,0.011884557,0.012256136,0.012798145,0.013688279,0.014717083,0.016210794,0.018031748,0.020028623,0.022472661,0.025183758,0.02816882,0.030782314,0.032740142,0.034114845,0.035168834,0.0366816,0.038539205,0.041171253,0.044299811,0.047542147,0.051422097,0.054844376,0.058078934,0.060616355,0.062646963,0.064410105,0.066502012,0.069237798,0.072610505,0.076553851,0.080771707,0.085056216,0.089581519,0.094761871,0.100289106,0.106514484,0.113347508,0.120999143,0.129939839,0.139540985,0.150405377,0.160747543,0.172043994,0.182258233,0.194981322,0.207911491,0.220736757,0.233488187,0.246474087,0.260282666,0.274727672,0.286605895,0.297850609,0.31133908,0.320989728,0.331148803,0.341956377,0.350671053,0.359559923,0.367072642,0.374364823,0.380635977,0.385051876,0.389400661,0.392863959,0.394999534,0.396180898,0.396394849,0.396290243,0.39488554,0.392422915,0.389061183,0.386612803,0.38307488,0.378635347,0.37399742,0.36907813,0.365574747,0.362323791,0.360252649,0.359843701,0.361275673,0.365504623,0.372049987,0.383208364,0.39792037,0.414102107,0.440888882,0.4738639,0.511732578,0.564747095,0.618932843,0.673087418,0.729799569,0.782396436,0.833182395,0.876189888,0.906305134,0.936894774,0.956674635,0.976548851,0.983005524,0.982062042,0.976033032,0.956465602,0.935969293,0.908432603,0.878662527,0.849653304,0.816365123,0.778235495,0.741521239,0.707728863,0.675424814,0.641912818,0.616640329,,2000,2,,,,
dos23-3 3 uL,0.001634847,0.001533185,0.001422301,0.001541732,0.001629598,0.001549733,0.001363767,0.001454273,0.001611073,0.0016567,0.001459493,0.001471441,0.001553214,0.001441702,0.001376569,0.001335411,0.001578466,0.001633444,0.001553916,0.001655738,0.001594314,0.001518326,0.001590028,0.00163386,0.001571192,0.001595899,0.001509312,0.001543576,0.001667744,0.001594808,0.001613879,0.001490974,0.001522379,0.001517963,0.0015482,0.001812403,0.001686194,0.001593041,0.001597302,0.001677956,0.001642616,0.001772582,0.001754622,0.00154846,0.001624324,0.001742458,0.001775831,0.00171873,0.001831353,0.001814535,0.001645786,0.00162118,0.001776273,0.001629754,0.001771646,0.001739574,0.001687727,0.001758287,0.001672265,0.001741367,0.00172437,0.001721953,0.001690741,0.001761276,0.001719432,0.001694457,0.001725331,0.001700175,0.001786878,0.001687675,0.001611229,0.001639732,0.001741887,0.001738638,0.001724006,0.001655453,0.001726475,0.001761198,0.001645449,0.001694224,0.001782927,0.001708803,0.001661559,0.001658545,0.001748046,0.00172949,0.001702696,0.001686376,0.001659012,0.001675305,0.001808556,0.001657297,0.001650412,0.001644071,0.001652854,0.001752335,0.00167398,0.001687701,0.001628559,0.001733258,0.001590287,0.001811415,0.001781549,0.001919669,0.001836449,0.001796573,0.002029431,0.001889483,0.002065245,0.002133499,0.002337362,0.002172911,0.002304961,0.002380775,0.00242729,0.002336243,0.002516898,0.002679005,0.002598347,0.002711433,0.002755692,0.002880545,0.003028946,0.003277801,0.003215105,0.003363385,0.003473331,0.003472913,0.003659393,0.003726097,0.003757612,0.003946435,0.004083755,0.004259754,0.004349505,0.004377405,0.004471339,0.004494512,0.00485461,0.004997376,0.004999707,0.004954329,0.005391569,0.005407924,0.005541145,0.005568937,0.005747533,0.005878812,0.005913369,0.00605756,0.006147028,0.006226667,0.00629345,0.006464908,0.006572883,0.006826644,0.006771032,0.006742453,0.006932368,0.007109367,0.007169154,0.00731787,0.007222239,0.007462528,0.00764712,0.007543568,0.007688986,0.007957269,0.007997292,0.007972112,0.008237166,0.008434441,0.008270619,0.008596976,0.008718634,0.008848067,0.009242705,0.00937925,0.00971936,0.01000127,0.010469398,0.010942888,0.011182509,0.011753924,0.012197161,0.012795665,0.013266096,0.014007078,0.014959949,0.016098114,0.017691756,0.019430766,0.021415686,0.023842378,0.026734864,0.02970417,0.032378457,0.034247369,0.035758749,0.036876675,0.038576066,0.04045286,0.043099198,0.046042744,0.049366202,0.0530071,0.056697655,0.060238972,0.062776372,0.065037139,0.066948809,0.069456816,0.072036952,0.075650655,0.079831332,0.084358066,0.088948429,0.093420237,0.098858342,0.10443335,0.111153141,0.118445858,0.125705838,0.134703547,0.144633576,0.155838013,0.16547817,0.177529752,0.187236026,0.200507283,0.213458598,0.226195484,0.239094198,0.251603931,0.265549243,0.279523581,0.291044504,0.302373707,0.315238208,0.324361086,0.334192485,0.344557375,0.353483439,0.361866564,0.369366944,0.37556082,0.381720036,0.385755777,0.389786542,0.392680466,0.394281358,0.395009905,0.394908667,0.394508183,0.392781735,0.389970452,0.38617602,0.383598149,0.379881442,0.375329137,0.370453954,0.365459532,0.361908376,0.358735919,0.356782794,0.356423914,0.358076751,0.363284856,0.370184958,0.38282764,0.397325069,0.414954186,0.441449493,0.474066079,0.510701895,0.564538658,0.619335353,0.673666954,0.730187714,0.780959845,0.831371069,0.873015761,0.904177189,0.9321962,0.953138948,0.971160471,0.979250372,0.978513658,0.970601618,0.9533602,0.93287456,0.905249059,0.877499759,0.84949851,0.818942189,0.782779098,0.74621892,0.713476479,0.681822777,0.651008725,0.625424027,,2000,3,,,,
dos23-3 5 uL,0.001573374,0.00160637,0.001480973,0.001480506,0.001619673,0.00150339,0.001399681,0.001573972,0.001602083,0.001650619,0.001490636,0.001547291,0.001509053,0.001418484,0.001354081,0.001304046,0.001583351,0.001606552,0.001622505,0.001638563,0.001529938,0.001568074,0.001618867,0.001628715,0.001553162,0.001596601,0.001528717,0.001610787,0.001499468,0.001620816,0.001558748,0.001453493,0.001525236,0.001472844,0.001632561,0.001732037,0.001590106,0.001680814,0.001641863,0.001647813,0.001585013,0.001854412,0.001762653,0.001571608,0.001676059,0.00178667,0.001773674,0.001689754,0.00179977,0.001762263,0.001775519,0.001603356,0.001837332,0.001653062,0.001719692,0.001836709,0.00168887,0.001687857,0.001685674,0.001666912,0.001784512,0.001819188,0.001694172,0.001773206,0.001720783,0.001731543,0.001691651,0.001709088,0.001743888,0.001788437,0.001736377,0.001577765,0.001676657,0.001759196,0.001752283,0.001698823,0.001786722,0.001702929,0.001612476,0.001634639,0.001703163,0.001698745,0.001598861,0.001661091,0.001751893,0.001673408,0.001661065,0.001665873,0.001751269,0.001653608,0.001691625,0.001670134,0.00174841,0.001707555,0.001725383,0.001765694,0.001734064,0.001732167,0.001681022,0.001637783,0.001643656,0.001834967,0.001820955,0.001954693,0.001945332,0.001888157,0.002130611,0.002010368,0.00215868,0.002213263,0.002378562,0.002319248,0.002361072,0.002483989,0.002486228,0.002502995,0.002674369,0.002734643,0.002777496,0.002873483,0.00294004,0.002998787,0.00310499,0.003263274,0.003249034,0.003379195,0.003436984,0.003622248,0.003795814,0.003840966,0.00391441,0.003990505,0.00409358,0.004282889,0.004395264,0.004490536,0.004603881,0.004577798,0.004973784,0.005074264,0.005047341,0.005073216,0.005513853,0.005469392,0.005714116,0.00565938,0.005841423,0.00597134,0.006021259,0.006213879,0.006208916,0.006345009,0.00658463,0.006652021,0.006725995,0.006984397,0.006952674,0.007002469,0.007172207,0.007217396,0.007301338,0.007488679,0.007537536,0.007705164,0.007755942,0.007793154,0.007923602,0.008048104,0.008349936,0.008436842,0.008563261,0.008876812,0.008712797,0.009112599,0.009275706,0.009459299,0.009892969,0.01011381,0.010533416,0.011056602,0.011512179,0.012175997,0.012698341,0.013283017,0.013928566,0.014720189,0.015255338,0.01620687,0.017278971,0.018489493,0.020057872,0.021952538,0.024213251,0.026581386,0.02933077,0.03239572,0.035096366,0.037069865,0.038717739,0.039955691,0.041672725,0.043882493,0.04649853,0.049439583,0.05288095,0.056531567,0.060194872,0.063740894,0.066557072,0.069081843,0.071353577,0.074214742,0.077303641,0.080978304,0.085332215,0.089797378,0.095247686,0.100075528,0.105075561,0.111362867,0.118440792,0.126035169,0.133843154,0.143220425,0.152782723,0.164066732,0.174550146,0.186372757,0.196123436,0.209369272,0.22214371,0.235088304,0.247285396,0.259884715,0.273028761,0.286724538,0.29861483,0.309614688,0.321906149,0.330461502,0.339912504,0.349423677,0.357761025,0.365428686,0.371998966,0.377843499,0.383145422,0.386554301,0.389740706,0.391822547,0.392777532,0.392870665,0.392129898,0.391174972,0.388901681,0.385476023,0.381120145,0.378118813,0.374063045,0.369084477,0.364112228,0.358983904,0.355299711,0.352232784,0.350554556,0.350390375,0.353203803,0.358401656,0.366200239,0.379374743,0.394803256,0.412276268,0.440252304,0.474336177,0.510080218,0.56341207,0.618654609,0.674382865,0.726481378,0.777783871,0.824943662,0.865367532,0.896225333,0.923948109,0.944832027,0.961907744,0.969438851,0.967169881,0.959721506,0.942310512,0.922105908,0.895662844,0.868350029,0.841141284,0.811340094,0.777940154,0.744072139,0.712461889,0.683991671,0.655613899,0.63273716,,2000,5,,,,
dos23-3 7.5 uL,0.001587715,0.001638355,0.001574673,0.001562463,0.001632742,0.001638693,0.001491597,0.0015608,0.001672057,0.001687467,0.001532276,0.001514767,0.001561294,0.001544408,0.001394539,0.001379919,0.001608708,0.001722732,0.001691287,0.001740821,0.001702436,0.001581766,0.001564177,0.001712467,0.001622999,0.001556306,0.001570854,0.001676059,0.001672577,0.001745525,0.001556955,0.001554747,0.00157353,0.001512118,0.001631131,0.001762731,0.001648541,0.001762341,0.001719588,0.001730399,0.001697238,0.00185189,0.001710726,0.001721771,0.001672915,0.001879759,0.001783057,0.001757585,0.001817082,0.001776273,0.001681048,0.001710284,0.001843961,0.001739028,0.001786566,0.001873754,0.001771126,0.00171886,0.001705346,0.00173791,0.001769879,0.001799718,0.001828208,0.001917069,0.001801408,0.001775883,0.00175917,0.001727956,0.001773024,0.001759534,0.00178628,0.001652698,0.00170571,0.001785396,0.001782927,0.001725331,0.00179938,0.001746747,0.001716469,0.001758884,0.001649242,0.001756545,0.001643344,0.001689884,0.001813963,0.001763121,0.001698459,0.001683231,0.001680061,0.001669381,0.001770217,0.001758884,0.001756337,0.001734324,0.001707243,0.001737416,0.00173791,0.001764291,0.001723148,0.001708881,0.001742562,0.001918499,0.001836293,0.001963248,0.001938364,0.001943694,0.002063086,0.002018274,0.002160553,0.002294396,0.002343452,0.00230837,0.002369088,0.002547986,0.002434631,0.002490914,0.002684813,0.00271159,0.002769837,0.003012706,0.002996493,0.003098967,0.003141283,0.003302267,0.003411101,0.003401761,0.003585757,0.00368174,0.003886018,0.003935803,0.004008139,0.004147178,0.004298418,0.004339727,0.004456955,0.004590879,0.004703098,0.004757295,0.005156483,0.005237774,0.005140739,0.005197794,0.005639082,0.005560311,0.005868841,0.005781214,0.006058243,0.006202719,0.006187621,0.006386145,0.006384412,0.006648236,0.006758806,0.006919216,0.006955909,0.007122418,0.007151838,0.007280963,0.007373158,0.007504639,0.007573648,0.007733623,0.007750619,0.007896582,0.008020918,0.007995842,0.008247007,0.008387674,0.008652427,0.008730783,0.00895098,0.009089231,0.009158069,0.009617217,0.009685239,0.009967921,0.010543229,0.010890701,0.011370604,0.011941521,0.012669209,0.013459554,0.014063598,0.014862781,0.015536251,0.01654667,0.017301222,0.018237168,0.01955428,0.020898132,0.022724077,0.024479453,0.026716914,0.029194534,0.03200091,0.034990296,0.037772257,0.039854642,0.041639134,0.043115493,0.044891156,0.047116455,0.049863063,0.0528492,0.056242358,0.060113378,0.063744821,0.067445166,0.070468731,0.073169835,0.075870954,0.078925155,0.082243264,0.086289741,0.090798788,0.095803209,0.10111744,0.106192656,0.111886919,0.118590221,0.12584728,0.133544758,0.141506255,0.151233554,0.161234692,0.173115328,0.183278725,0.195006102,0.205086798,0.218452171,0.231070533,0.243859381,0.25643453,0.268661648,0.281350046,0.294855297,0.306248039,0.316665143,0.32838738,0.336829931,0.345760584,0.35502255,0.362451941,0.369174719,0.375400871,0.380399525,0.384890825,0.38775155,0.390201986,0.391501933,0.391687423,0.391074359,0.389789403,0.388334036,0.38541317,0.381307155,0.376485765,0.373239905,0.368701309,0.36346367,0.358125389,0.353092134,0.349172354,0.346125275,0.344589651,0.344758868,0.347724617,0.353824556,0.36207512,0.376105189,0.392873883,0.411447704,0.439675897,0.474781275,0.512686372,0.566662729,0.620751739,0.674592435,0.726386905,0.774995089,0.819032908,0.860251665,0.88933605,0.915954113,0.936659634,0.952231169,0.95971781,0.958627343,0.949999869,0.931915283,0.911606431,0.886707425,0.859487951,0.833572149,0.803278983,0.773073316,0.74087286,0.712655067,0.684865892,0.65678978,0.637229741,,2000,7.5,,,,
dos23-3 10 uL,0.001839568,0.001839854,0.001771256,0.001827272,0.001893617,0.001848277,0.001849005,0.001883711,0.00216763,0.002278418,0.002345794,0.002460194,0.002658611,0.002701223,0.002861027,0.003042344,0.003347238,0.003751658,0.003897118,0.004322967,0.004698204,0.004956712,0.005263084,0.005640341,0.005591094,0.005777306,0.005617841,0.005517654,0.005270971,0.004961058,0.004313974,0.00382924,0.003243922,0.002672259,0.002478678,0.002338429,0.002343946,0.002347304,0.002223931,0.002225596,0.002255519,0.002403992,0.002323282,0.00216214,0.002171116,0.00249331,0.002370259,0.002388245,0.002612774,0.002684631,0.002722686,0.002778877,0.002808474,0.002732116,0.002678875,0.002733601,0.002559496,0.00249107,0.00230824,0.002210661,0.002036765,0.00197664,0.001938103,0.001950298,0.001890289,0.00187989,0.001886337,0.001861509,0.001959737,0.001897023,0.001840816,0.001798497,0.001917589,0.001912727,0.001955629,0.001844767,0.001934281,0.001941952,0.001827636,0.001876744,0.00194164,0.002038716,0.001920761,0.001987016,0.002152567,0.002175304,0.002244408,0.002330855,0.002267332,0.002267645,0.002426014,0.002447594,0.002477481,0.002567021,0.002574182,0.002533666,0.002615222,0.002650407,0.002693018,0.00276395,0.002638218,0.002668378,0.002778017,0.002690361,0.002730501,0.002679734,0.002852663,0.002808395,0.002863138,0.002944392,0.003189053,0.002989534,0.003144412,0.003290765,0.003073105,0.003020578,0.003206551,0.003119799,0.003055535,0.00311873,0.003172417,0.003284687,0.003374968,0.003442932,0.003546139,0.003712103,0.003846555,0.003867918,0.003971382,0.004141063,0.004170491,0.004295725,0.004420316,0.004665261,0.004779855,0.004811237,0.004890604,0.004986457,0.00533973,0.005452772,0.005518048,0.005412747,0.005958244,0.005933129,0.005953021,0.006086436,0.006293424,0.00646123,0.006504295,0.006690557,0.006612148,0.007041037,0.007045562,0.007290755,0.007411337,0.007724979,0.00776672,0.007728695,0.00795893,0.008111265,0.00812469,0.008489897,0.008561281,0.008653616,0.008875385,0.008984462,0.009169782,0.009372056,0.009699401,0.009781944,0.010095422,0.01049939,0.010533203,0.011091733,0.011407647,0.011657869,0.012370673,0.012737471,0.013427488,0.0140817,0.014954189,0.015813105,0.016667025,0.017456332,0.018345138,0.019299278,0.020075684,0.021230288,0.02249676,0.023944449,0.025652733,0.027598415,0.02968779,0.032194231,0.035035864,0.038107067,0.040777147,0.043075331,0.044937462,0.046541289,0.048533652,0.050623786,0.053540118,0.056669194,0.060044769,0.063801214,0.067410611,0.071186945,0.074208818,0.077335931,0.080108397,0.083337761,0.087045781,0.091181628,0.096001454,0.101328783,0.106884845,0.111975014,0.118414469,0.125119209,0.132770658,0.140720561,0.149382502,0.159354359,0.169205949,0.1807587,0.190976456,0.203439027,0.213130713,0.226626366,0.239515618,0.252227634,0.264585227,0.276625246,0.289559037,0.302538961,0.313282698,0.323623389,0.335244924,0.343105793,0.351480335,0.360387564,0.367282838,0.373529762,0.379211724,0.383767635,0.387457043,0.389949769,0.391864061,0.392560929,0.392123729,0.39105615,0.389152765,0.387470245,0.383930773,0.379247218,0.374082595,0.370631397,0.365941733,0.360394865,0.354858011,0.349482417,0.345744818,0.342823714,0.341376066,0.34209922,0.345424026,0.352629304,0.361897796,0.376305848,0.393656254,0.413008422,0.440461278,0.476905495,0.515760899,0.571560085,0.623359621,0.677473724,0.728891492,0.777763903,0.822057426,0.860191345,0.889100492,0.916272044,0.935568571,0.952623904,0.957846701,0.956300557,0.948233724,0.930161178,0.912092507,0.886083305,0.86114198,0.835545361,0.807753146,0.779114664,0.749222815,0.723417461,0.699196041,0.670113921,0.654159427,,2000,10,,,,
dos23-3 15 uL,0.002322944,0.002289633,0.002216854,0.002217556,0.002318572,0.002210063,0.002071487,0.001960102,0.002040172,0.002115238,0.001951703,0.001790205,0.00178459,0.001648671,0.001558774,0.001568958,0.00183741,0.001880591,0.001835175,0.001888313,0.001920683,0.001912493,0.001959295,0.002039236,0.002038066,0.002012319,0.00186845,0.001953757,0.001995961,0.001937583,0.001855478,0.001651841,0.001643344,0.001700772,0.001735285,0.001819474,0.001639992,0.001791712,0.001697732,0.001700616,0.00166356,0.001782381,0.001755922,0.001731023,0.001711194,0.001863069,0.001881215,0.001846795,0.002098902,0.002035283,0.002050393,0.002011981,0.00213316,0.002186907,0.002127698,0.002167708,0.002153477,0.002031122,0.001965588,0.001979968,0.001914573,0.001967486,0.001890913,0.002023034,0.001944058,0.001992399,0.002028469,0.001942576,0.00201739,0.001943148,0.001942342,0.001953263,0.001960622,0.001952847,0.001963196,0.001926325,0.001878772,0.001850694,0.001800524,0.001895905,0.001862497,0.001937531,0.001796339,0.001911583,0.001969671,0.001857765,0.001952067,0.001872064,0.001881163,0.001900923,0.001914313,0.001845157,0.001859585,0.00196642,0.001933657,0.001934177,0.001938754,0.002017416,0.002009484,0.001983323,0.001998952,0.002217192,0.002391499,0.002434006,0.002506249,0.002496772,0.002669759,0.002606498,0.002717399,0.002808656,0.002911216,0.002699686,0.002814805,0.002768925,0.00285209,0.002827493,0.00299777,0.002912806,0.003123345,0.003209628,0.003310405,0.003447603,0.003664693,0.003728525,0.003820569,0.003967542,0.003963179,0.004089268,0.004294366,0.004486639,0.004407397,0.004641372,0.004698728,0.0049016,0.004876494,0.005013062,0.005118056,0.005301392,0.005760412,0.005825708,0.005945489,0.005951814,0.006394053,0.006443706,0.006685957,0.006700915,0.006965194,0.007194077,0.007303075,0.007484861,0.007636529,0.007798266,0.00788725,0.008067803,0.008057361,0.008308799,0.008294313,0.00821775,0.008430983,0.008482084,0.008546258,0.008763165,0.008805588,0.009013031,0.009071073,0.009214914,0.009343464,0.009635425,0.009843901,0.009978305,0.010361776,0.010521375,0.010718999,0.011254603,0.01154562,0.011949317,0.012687732,0.013247548,0.013871208,0.014763707,0.015744949,0.016781656,0.017645841,0.01873537,0.019745817,0.020962484,0.021993246,0.023280218,0.024917809,0.02653631,0.028470708,0.030519387,0.032841783,0.035257712,0.038243979,0.041265525,0.044033416,0.046209302,0.048341896,0.050136518,0.052411061,0.054647725,0.05753405,0.060636446,0.063947283,0.067894541,0.071571276,0.075376056,0.078890264,0.08216916,0.085737921,0.089494318,0.093250118,0.097834118,0.102759361,0.108442247,0.114643633,0.120566592,0.127090111,0.134473279,0.142610177,0.151221246,0.159364596,0.169976845,0.179736078,0.191684961,0.202683881,0.214711025,0.224691451,0.238051146,0.250894547,0.263440639,0.27570954,0.287248999,0.299777269,0.311894119,0.322261512,0.332375228,0.343285322,0.350864589,0.358824402,0.366712034,0.373097003,0.378379464,0.383361667,0.387049109,0.389953464,0.391563773,0.3925834,0.392489195,0.391274244,0.389288008,0.387054682,0.384508342,0.380347669,0.375166327,0.369304031,0.365536392,0.360146731,0.354424208,0.348671109,0.343024135,0.339269936,0.336174458,0.335098654,0.33616668,0.340505987,0.348238766,0.358105034,0.37476033,0.392198294,0.412192375,0.441523224,0.47921586,0.518507719,0.573310733,0.627277553,0.679551244,0.728877723,0.776150405,0.817251265,0.854907215,0.882181227,0.908642411,0.927148581,0.942361593,0.948543906,0.946745753,0.938344955,0.92072916,0.903372586,0.879954815,0.857067406,0.832867622,0.806317389,0.780708909,0.753740728,0.728907704,0.70424974,0.68456322,0.670837045,,2000,15,,,,
dos23-3 20 uL,0.002217244,0.002272511,0.00216149,0.002134019,0.002214512,0.002191434,0.002092737,0.002126995,0.002246932,0.002135423,0.002052968,0.002049275,0.002114353,0.001992034,0.001858155,0.001882229,0.002125747,0.002334499,0.002088862,0.002227808,0.002173977,0.002213523,0.002128348,0.002311467,0.002186335,0.002170595,0.002186179,0.002200514,0.002186699,0.002282269,0.002172026,0.002160813,0.00215431,0.002092217,0.002220678,0.002417086,0.002244408,0.002308891,0.002353081,0.002245032,0.002214278,0.002315527,0.002302593,0.002144997,0.002156625,0.00233973,0.002301734,0.002240505,0.002366433,0.002335878,0.002345534,0.00224675,0.002441763,0.002375543,0.002386657,0.002572203,0.002623556,0.002593061,0.002591759,0.002562542,0.002608738,0.002640172,0.002575614,0.002659992,0.002591108,0.002628374,0.00261827,0.002520517,0.002643219,0.002506353,0.002473393,0.002483234,0.002465817,0.002493518,0.002360213,0.002302307,0.00235316,0.002353628,0.002343842,0.002387906,0.002430466,0.002510597,0.002393477,0.002405867,0.002510389,0.002441503,0.002477298,0.002484588,0.002535488,0.00239483,0.002554991,0.002567255,0.002617072,0.002557699,0.002527078,0.002682573,0.00263689,0.002538665,0.002490524,0.00254231,0.002512159,0.002611837,0.002671608,0.002613582,0.00264611,0.002675749,0.002861939,0.002774553,0.002922005,0.003080144,0.003114637,0.003108588,0.003184151,0.003345699,0.003411154,0.003385038,0.003530819,0.00358059,0.003674639,0.003917779,0.004004247,0.004024521,0.004273661,0.004305111,0.004479028,0.004450076,0.00469229,0.004723509,0.004955769,0.004963336,0.004948935,0.005189044,0.005220168,0.005488738,0.005708818,0.005670054,0.005827413,0.005930033,0.006303352,0.006315224,0.006383939,0.006385988,0.006812681,0.006810446,0.007010809,0.00707966,0.007288412,0.00750593,0.007619695,0.007763084,0.007838248,0.008018861,0.008170875,0.008421402,0.008493803,0.008808071,0.008909522,0.008940384,0.009043002,0.009258623,0.009299983,0.009587021,0.009644239,0.00987062,0.010121785,0.010255241,0.010401146,0.010742296,0.01092343,0.01105222,0.011420297,0.01179773,0.011914435,0.012480632,0.012831498,0.013361706,0.014086192,0.014721154,0.015465858,0.016447237,0.017438384,0.018461941,0.019582063,0.020767393,0.021972904,0.023252744,0.024552608,0.025886323,0.0275339,0.029245757,0.031260379,0.033334982,0.035657294,0.038206495,0.041043345,0.044083953,0.046792448,0.049209561,0.051504541,0.053405531,0.055731561,0.058290731,0.061070662,0.064266369,0.067724265,0.071550615,0.075339414,0.079304844,0.082786992,0.086324535,0.09035521,0.094518304,0.098408893,0.103571758,0.108578436,0.114614174,0.120760679,0.126567975,0.133866161,0.141972974,0.149749324,0.158637881,0.16754964,0.17799224,0.188436821,0.200165972,0.211232975,0.224138454,0.234171987,0.247588024,0.26031667,0.27271688,0.284506083,0.296430647,0.308859944,0.320669711,0.330744386,0.340381354,0.350185216,0.357361883,0.36519134,0.372344524,0.377815038,0.383128673,0.387216896,0.390326381,0.392585218,0.393676311,0.394198448,0.393375993,0.391550928,0.389087856,0.38622728,0.383293212,0.37854144,0.372864306,0.366506815,0.362370938,0.35679552,0.350804448,0.344922572,0.339180291,0.335435391,0.332508147,0.331527174,0.332750708,0.337430447,0.345855981,0.35651359,0.373819768,0.391790092,0.413052857,0.444069296,0.482289672,0.521207988,0.577052116,0.627537787,0.681236506,0.729586661,0.775561214,0.817068338,0.85300833,0.881243825,0.905556917,0.923817158,0.937773049,0.943592489,0.943319559,0.935373187,0.91700083,0.9000296,0.877611458,0.85401392,0.832589626,0.807137191,0.783037007,0.759702563,0.737396181,0.717280209,0.694661379,0.682549715,,2000,20,,,,
dos23-3 30 uL,0.002219378,0.002232855,0.00216841,0.002150564,0.00226931,0.00218493,0.002070446,0.001953341,0.002065427,0.00208881,0.001916445,0.001895723,0.001979968,0.001925207,0.001845053,0.001850356,0.002114067,0.002178166,0.002111934,0.002082515,0.001979968,0.002082905,0.002065713,0.002092009,0.002001292,0.002012813,0.001938806,0.001919253,0.001986261,0.001966836,0.001896399,0.001860001,0.001922295,0.001847913,0.001934047,0.002007794,0.001993413,0.001946216,0.002034139,0.002056167,0.00198777,0.002200853,0.002080356,0.00205856,0.002098902,0.002145361,0.00219362,0.002192397,0.002206993,0.002310088,0.00223616,0.002198797,0.002277689,0.002234859,0.002310374,0.002455534,0.002462095,0.002406908,0.002425415,0.00248641,0.002459882,0.002582983,0.002492789,0.002686089,0.002605873,0.002560147,0.002699556,0.002764549,0.002824236,0.002713517,0.002716252,0.002629286,0.002746027,0.002775412,0.002762908,0.002805738,0.002967848,0.003082908,0.003086193,0.00328573,0.003428582,0.003560415,0.003499791,0.003528836,0.003655086,0.003609719,0.003505636,0.003426886,0.003396517,0.003101314,0.003023888,0.002846566,0.00266145,0.002555382,0.002634911,0.002572489,0.002576031,0.002543872,0.002544029,0.002479902,0.00257564,0.002730319,0.002787605,0.002740843,0.002837733,0.002770567,0.002944705,0.00275379,0.002891958,0.003084654,0.003076443,0.002997145,0.003112916,0.003338577,0.003195259,0.003197894,0.003336047,0.003333047,0.003460989,0.00353964,0.003621334,0.003756176,0.003968822,0.003992334,0.004177443,0.004202012,0.004377849,0.004641267,0.004785377,0.005042522,0.004939012,0.005260306,0.005450046,0.005621118,0.005805244,0.005932447,0.006131066,0.006150284,0.006592514,0.006670264,0.006696183,0.00664913,0.007115524,0.007041274,0.007094737,0.007138181,0.007366339,0.007417262,0.007625939,0.007800322,0.007824569,0.008034102,0.008231495,0.00838617,0.008505789,0.008841674,0.008988294,0.008847803,0.009153047,0.009318152,0.009441203,0.009733893,0.009780329,0.010130635,0.010386272,0.010430604,0.0106119,0.010885552,0.011281249,0.011480629,0.011879954,0.012251875,0.012415261,0.013018947,0.013368781,0.013959252,0.01490859,0.015557071,0.016408175,0.017486757,0.018740181,0.019898715,0.021119179,0.022516143,0.023827009,0.025274236,0.026678927,0.028259011,0.030112628,0.03197873,0.034145482,0.036268894,0.038712222,0.041237116,0.044111229,0.047277275,0.050039083,0.052498717,0.05484502,0.057038292,0.059489433,0.062043823,0.065060683,0.06814909,0.071815044,0.075573049,0.079353943,0.083531655,0.087377086,0.091138266,0.095104307,0.099751726,0.104218021,0.109373137,0.115082607,0.120850861,0.127584532,0.133844957,0.141212076,0.149120927,0.157549471,0.167187378,0.175571486,0.186757281,0.197352916,0.209249318,0.220665678,0.233292669,0.243816584,0.257363498,0.269867003,0.28232789,0.294023514,0.305572301,0.317732364,0.328869402,0.339281082,0.348096728,0.357978135,0.364677727,0.371710599,0.378257304,0.383299559,0.387895674,0.390973389,0.393301517,0.394692391,0.39503327,0.39479202,0.393109053,0.390335023,0.387077808,0.383574486,0.380309701,0.374558002,0.368289053,0.361442626,0.35679844,0.350953549,0.344355106,0.338311017,0.332328886,0.328510046,0.325626016,0.324979872,0.326730937,0.332171381,0.341265619,0.353649736,0.370843411,0.390734404,0.411127269,0.443491042,0.482724458,0.522428989,0.578519225,0.631673098,0.6819399,0.729702354,0.770756543,0.810343921,0.846625924,0.872046113,0.896736443,0.914264679,0.928488374,0.934674621,0.93253541,0.924429655,0.906708658,0.88979727,0.868461192,0.846837103,0.825657368,0.802761376,0.782168865,0.75967437,0.740018189,0.721873939,0.705354631,0.695833206,,2000,30,,,,
dos23-3 50 uL,0.002292704,0.002401858,0.002416513,0.002411984,0.002439368,0.002517106,0.002347746,0.002301162,0.002347564,0.002310088,0.002202414,0.002078093,0.002174186,0.002100593,0.00198985,0.002004361,0.002224009,0.002358651,0.002304805,0.002418049,0.002331506,0.002254712,0.002283388,0.002317192,0.002365418,0.002216385,0.002075492,0.002215475,0.002108942,0.002122963,0.002097055,0.002095599,0.002042123,0.002075076,0.002152489,0.002330517,0.002272198,0.002163181,0.002292366,0.002215709,0.002229551,0.002383195,0.002315813,0.002179259,0.002270845,0.002286276,0.002379031,0.002318233,0.002522834,0.002403941,0.002273526,0.002337102,0.002388011,0.002346341,0.002528693,0.002545305,0.002518825,0.002477585,0.002473185,0.002503724,0.002490992,0.002565537,0.002539316,0.002634807,0.00254481,0.002444419,0.002536009,0.002498412,0.002571005,0.002508488,0.0025138,0.002431793,0.002442154,0.002532989,0.002441555,0.002410682,0.002522365,0.002532103,0.002457096,0.002506301,0.002572151,0.002575275,0.002457747,0.002490263,0.002559548,0.002541789,0.002533093,0.00264624,0.002583009,0.002583296,0.002775074,0.002819338,0.002945956,0.003058011,0.003139849,0.003254824,0.003325717,0.003293608,0.003328456,0.003434296,0.003394039,0.003574978,0.003593379,0.003664876,0.003694271,0.003807591,0.003914723,0.003696516,0.00384235,0.003821144,0.003824878,0.003686961,0.003871261,0.003747872,0.003762703,0.003738943,0.00392444,0.003827803,0.003820569,0.004122691,0.004130609,0.004275464,0.004468148,0.00450602,0.004578348,0.004669238,0.004807703,0.004954172,0.005188311,0.005471908,0.005425957,0.005671601,0.005837855,0.006062075,0.006205187,0.006412574,0.006428258,0.006622608,0.006935682,0.007126523,0.007152628,0.00714297,0.007576835,0.007640956,0.007703504,0.007932065,0.008117806,0.008386618,0.008428792,0.008670649,0.008826087,0.009169438,0.009413903,0.009633017,0.009722271,0.010124965,0.010316364,0.010470697,0.010759862,0.011075083,0.011366298,0.011705229,0.011842711,0.012134948,0.012454792,0.012669503,0.012829418,0.013305411,0.013643721,0.013878664,0.014298662,0.014644708,0.014836263,0.015534427,0.01599787,0.016731238,0.017573085,0.018267566,0.019219967,0.020321077,0.021682084,0.022985546,0.024267364,0.025665777,0.027109703,0.028735412,0.029934961,0.031507641,0.033390328,0.035232697,0.037480742,0.039523814,0.041728601,0.044166017,0.047026876,0.050034724,0.052846186,0.055379361,0.057920687,0.059949812,0.062573917,0.065309964,0.068247676,0.071404532,0.074727967,0.078687511,0.082569107,0.086798027,0.090771765,0.094799422,0.099187069,0.10398902,0.108957022,0.114211366,0.119858608,0.126376614,0.133136213,0.139918909,0.147291482,0.156047523,0.164696261,0.173817515,0.183383197,0.194250643,0.204921857,0.217175156,0.22846818,0.24118945,0.251508892,0.26454252,0.277469695,0.289779335,0.301408112,0.313068032,0.324515224,0.336168706,0.345732302,0.354635507,0.364060372,0.370551199,0.377043665,0.3832528,0.387883067,0.391656131,0.394408733,0.396011412,0.396715671,0.396589607,0.39571932,0.393180907,0.389858633,0.38594228,0.381990284,0.378093302,0.371817857,0.365089119,0.357752472,0.352877289,0.346692681,0.339954644,0.333509713,0.327690512,0.323671967,0.320876688,0.320389181,0.322176725,0.328489274,0.338134915,0.35108614,0.368014097,0.389875412,0.411391109,0.44435066,0.481259912,0.524616242,0.57996434,0.633111775,0.684033632,0.726535618,0.770041704,0.807999075,0.843005598,0.867198229,0.891336739,0.908725321,0.923137188,0.927904606,0.925714552,0.916863859,0.900399745,0.884580016,0.862965882,0.842591047,0.820819259,0.801864445,0.781278074,0.762191653,0.743704975,0.727630377,0.715155423,0.706573606,,2000,50,,,,
dos23-3 75 uL,0.002562568,0.00254343,0.00246777,0.002557673,0.002621447,0.002599467,0.002551632,0.002492346,0.002574025,0.002595249,0.002538431,0.002539212,0.002540852,0.002515804,0.00233783,0.00229921,0.002705911,0.002638062,0.002601967,0.002749153,0.002649782,0.002527182,0.002551215,0.002587957,0.002521871,0.002591473,0.002523954,0.002559157,0.002486046,0.002555147,0.002373227,0.002275113,0.002348032,0.002256273,0.002342177,0.002458424,0.002316828,0.002362009,0.00238749,0.002448245,0.002398865,0.002477481,0.002435125,0.00236331,0.002417424,0.002562073,0.002557595,0.002602696,0.002671009,0.002596681,0.002443455,0.002527495,0.002565771,0.002498464,0.002532077,0.002605952,0.00266481,0.002566943,0.002606863,0.002628374,0.002677442,0.002764262,0.002668821,0.00277028,0.00273743,0.002807796,0.002875854,0.002864988,0.002884193,0.002872076,0.002867907,0.002811339,0.002839192,0.002911164,0.002887346,0.002772494,0.002843152,0.002829187,0.002799172,0.002866447,0.002798,0.002857249,0.002650798,0.002770306,0.002853289,0.002781196,0.002687913,0.002727558,0.002838124,0.002747642,0.002812929,0.002818322,0.002904493,0.002893365,0.002861992,0.002879685,0.002878408,0.002841511,0.002863138,0.002812121,0.002860089,0.003026964,0.003023028,0.003033038,0.002965007,0.003025009,0.003251564,0.003063825,0.003303441,0.003441341,0.003657383,0.003476149,0.003538283,0.003677537,0.003645767,0.0036808,0.003894585,0.003976711,0.004048558,0.004228751,0.004395002,0.004451802,0.004695693,0.004791345,0.00485728,0.005035766,0.005223181,0.005330767,0.005556955,0.00589222,0.0058112,0.006031784,0.006187148,0.006435036,0.006616169,0.006625473,0.006859332,0.006954068,0.00751686,0.007566589,0.007626492,0.007595117,0.008166127,0.008230176,0.00846556,0.008525139,0.008775447,0.008941599,0.008970879,0.009208965,0.009209335,0.009510521,0.009667187,0.009931238,0.010044555,0.010293277,0.010432486,0.010488358,0.010802904,0.010994604,0.011272295,0.011491367,0.011672335,0.012053446,0.012286598,0.012494725,0.012651806,0.013208506,0.013491409,0.013824279,0.014227613,0.014616998,0.014872291,0.015493059,0.016054893,0.016803987,0.017684072,0.0184197,0.019386346,0.020581294,0.021994198,0.023520626,0.024776483,0.026357211,0.02785326,0.029495889,0.031054325,0.032972496,0.034921389,0.037054811,0.039315898,0.04150553,0.043996688,0.046626069,0.049308348,0.052471433,0.055405948,0.057915747,0.060488153,0.062900461,0.065636352,0.068260975,0.071423389,0.074671552,0.078093857,0.082128786,0.08598195,0.090172648,0.094408102,0.098736145,0.103316434,0.108400479,0.113524683,0.118973963,0.125083163,0.13148503,0.13886489,0.145780444,0.153514996,0.162401572,0.171752468,0.181175217,0.19118163,0.201926097,0.21215561,0.225319117,0.236268416,0.249199405,0.25924471,0.273006499,0.285862923,0.298360974,0.310155869,0.32136181,0.332737207,0.344138056,0.353365541,0.361802578,0.370642006,0.376931578,0.383169234,0.388505131,0.392578334,0.396079987,0.398256928,0.399345458,0.399428755,0.398769707,0.397428066,0.394263238,0.390355438,0.385873437,0.381567985,0.377546758,0.37069574,0.363396019,0.355685264,0.350656211,0.344270825,0.337245554,0.330516934,0.324513674,0.320496291,0.317707211,0.317364514,0.319652498,0.325646997,0.336683095,0.349858314,0.369898617,0.390736252,0.413588047,0.445364595,0.485743642,0.528229773,0.584786058,0.635313451,0.683697224,0.728741646,0.771844626,0.808464825,0.841200411,0.865365744,0.887782335,0.906830847,0.919615269,0.924353004,0.921981096,0.913919628,0.897465646,0.881348968,0.860881269,0.83984673,0.821699202,0.803120971,0.781587124,0.766206086,0.749655604,0.737115562,0.724416554,0.719450116,,2000,75,,,,
dos23-3 100 uL,0.002300693,0.002324375,0.002213888,0.002265303,0.002322684,0.002171012,0.002069172,0.002065869,0.002216958,0.002238658,0.002088524,0.002104104,0.002206655,0.00216789,0.002118515,0.002093882,0.002411671,0.002489639,0.00248352,0.002555538,0.002361046,0.002485343,0.00250263,0.002507186,0.002473654,0.002478183,0.002282998,0.002423958,0.002312013,0.002392514,0.002384054,0.002326093,0.002337076,0.002320341,0.002543586,0.002643453,0.002647646,0.002732689,0.002765825,0.002767571,0.002767675,0.002906968,0.002888049,0.002699868,0.002755692,0.002765591,0.002686428,0.002676713,0.002662231,0.002634729,0.002529396,0.002387828,0.00253377,0.002354279,0.002437286,0.002511665,0.002406101,0.002421381,0.002418595,0.002509061,0.002463006,0.00262827,0.002626265,0.002799042,0.002707735,0.002791356,0.002816681,0.002854174,0.003066458,0.002968161,0.002977283,0.002893939,0.00299678,0.003165454,0.003086792,0.003147072,0.003215522,0.003176693,0.003077016,0.00297155,0.002975694,0.00307261,0.002816472,0.002900558,0.003015964,0.003004495,0.00296936,0.003051338,0.003113307,0.003075426,0.003168453,0.003215392,0.00323469,0.003216904,0.003319091,0.003336386,0.003369777,0.00344155,0.003604289,0.003649996,0.003759622,0.003950901,0.003998369,0.004157266,0.004267282,0.004252591,0.004542536,0.004627794,0.004750647,0.00497889,0.005146319,0.005206518,0.005416154,0.00554964,0.005600219,0.005607247,0.005898885,0.005941448,0.005910273,0.006111953,0.006018713,0.006166405,0.006224015,0.006306425,0.006397363,0.00641055,0.006401303,0.006445807,0.006393738,0.006426997,0.006426918,0.006659933,0.006766694,0.00685565,0.006986607,0.00711213,0.007231451,0.007332534,0.00777157,0.007863948,0.008049106,0.008155312,0.008539474,0.008638802,0.008911028,0.009109533,0.009505334,0.009803442,0.009957062,0.010213287,0.010468894,0.010793351,0.011128223,0.011359364,0.011607643,0.012098826,0.012291951,0.01235749,0.012806997,0.013004197,0.013313712,0.013664771,0.01386931,0.014067368,0.014416575,0.014561022,0.014893695,0.015254882,0.015700554,0.015886454,0.016339388,0.016741298,0.01693397,0.017659862,0.01816755,0.018770641,0.019831214,0.020521801,0.021506172,0.022534056,0.024026517,0.025486486,0.026630236,0.028227435,0.029552273,0.031129599,0.03289986,0.034698702,0.036713883,0.03882866,0.041157309,0.043419115,0.045791183,0.048389174,0.051143695,0.054149561,0.057063945,0.059550561,0.062221266,0.0646936,0.067634746,0.070251092,0.073285289,0.076427527,0.080102108,0.08395908,0.088007286,0.092495404,0.096709989,0.101409502,0.106166638,0.111215472,0.116215728,0.121957608,0.128049091,0.134706125,0.141947955,0.148771018,0.156431153,0.165422738,0.174884841,0.184576854,0.194182351,0.205473676,0.216179937,0.228619769,0.240038648,0.252973408,0.263854623,0.277523339,0.290357649,0.302225262,0.313899398,0.325151324,0.336471766,0.347610146,0.356894374,0.364847422,0.373695314,0.379772961,0.38561666,0.391013235,0.394912928,0.397889227,0.399954021,0.400872856,0.400805235,0.399876237,0.398321122,0.394896448,0.390834212,0.386217505,0.381531924,0.377129972,0.370427579,0.362900138,0.355195284,0.349728495,0.343178392,0.336178988,0.329620719,0.323446035,0.319527566,0.316846669,0.316530228,0.318656683,0.325642437,0.336522818,0.350645125,0.369835466,0.39119038,0.413501859,0.447937816,0.487478942,0.529909253,0.585605145,0.638920665,0.689284861,0.73147434,0.771117926,0.810138285,0.841436744,0.866674125,0.888427556,0.905594647,0.919712424,0.925397396,0.924067438,0.914770544,0.898672342,0.883766413,0.862841606,0.845428169,0.827881455,0.808914602,0.7900424,0.772410154,0.761488617,0.748656511,0.741529286,0.739002347,,2000,100,,,,
dos23-3 150 uL,0.001963976,0.001951859,0.001852618,0.001923881,0.001924973,0.001862887,0.001813183,0.001769723,0.001910308,0.001999316,0.001855088,0.001795871,0.001892083,0.001747449,0.001673616,0.001715118,0.001933449,0.002017572,0.002007534,0.002044828,0.001954199,0.001886155,0.002013229,0.002066519,0.001981893,0.001974169,0.001871362,0.001946372,0.001930771,0.002097888,0.001900975,0.001937349,0.002002879,0.001931889,0.001930771,0.002079862,0.002052604,0.002125486,0.002070863,0.002173561,0.00217598,0.002264184,0.002193958,0.002232855,0.002209725,0.002329866,0.002490628,0.002291429,0.002449989,0.002438379,0.002462745,0.002478314,0.002590769,0.002569963,0.00262978,0.002703671,0.002651996,0.0026795,0.002691195,0.002686637,0.002550408,0.002676504,0.00260655,0.002662153,0.002584181,0.002517939,0.002579234,0.002459595,0.00249357,0.002428409,0.002430127,0.002456992,0.002465661,0.002459075,0.002338351,0.002424452,0.002480969,0.00249534,0.00230595,0.002495002,0.002451083,0.002538353,0.002278079,0.002428669,0.00249784,0.002458268,0.002492086,0.002520751,0.002496069,0.002467822,0.002618035,0.002619806,0.002644547,0.002736779,0.002717685,0.002739644,0.002758453,0.002892036,0.002887372,0.002922839,0.00295857,0.00321341,0.003243818,0.003273889,0.003330491,0.003345699,0.0035577,0.003397248,0.003544416,0.00361687,0.003729778,0.003601836,0.003772704,0.003727246,0.003746802,0.003680461,0.003910727,0.003820439,0.003863374,0.004023162,0.004140227,0.00433149,0.004462081,0.004602494,0.004665026,0.004827936,0.004908171,0.005106165,0.005393771,0.00548706,0.005580186,0.005903057,0.006013936,0.006188933,0.006261042,0.006477258,0.006602134,0.006721236,0.007233399,0.007340037,0.007443805,0.007556158,0.008015485,0.008005888,0.008144393,0.00821659,0.008466642,0.008694548,0.0088226,0.008878952,0.00900045,0.009226047,0.009323415,0.009555927,0.009737493,0.009999389,0.010140095,0.010165771,0.010423737,0.010542407,0.010724253,0.010996887,0.011014597,0.011191196,0.011479645,0.011647845,0.011883732,0.012240905,0.012549717,0.012854561,0.013293319,0.013863136,0.014024429,0.014837495,0.015413419,0.016150178,0.017255321,0.018205583,0.019415472,0.020885039,0.02241201,0.02409604,0.025762342,0.027648814,0.029360376,0.0311761,0.033144426,0.0351413,0.037439205,0.03964407,0.042056579,0.044326928,0.046796396,0.049563926,0.052358639,0.055437446,0.058266573,0.061008811,0.063774921,0.066210821,0.069090791,0.071858108,0.074995235,0.078199126,0.081884131,0.085895345,0.089827046,0.094270393,0.098655671,0.103014655,0.107996821,0.113380715,0.118804798,0.124390647,0.130453348,0.137493581,0.14510107,0.152489856,0.160133243,0.169507057,0.179113001,0.189253941,0.198597387,0.210089952,0.221190915,0.233814612,0.244856253,0.258369893,0.26895082,0.282565057,0.294951081,0.30752933,0.318979651,0.329876363,0.341568261,0.352289259,0.361489892,0.36940515,0.378427595,0.384069324,0.389830381,0.394929409,0.398637414,0.401552886,0.403129846,0.403804034,0.403330118,0.402097493,0.399975747,0.396092743,0.391491234,0.386356354,0.381398886,0.376851648,0.369254082,0.36149922,0.353030115,0.347616226,0.340797722,0.333592594,0.327037662,0.320875019,0.316882581,0.314219207,0.314183146,0.31668061,0.32361421,0.335453659,0.348913014,0.368841648,0.392325252,0.415444255,0.45054996,0.488396168,0.53139174,0.58840996,0.641411722,0.689400911,0.732968509,0.773311496,0.80919528,0.843325794,0.866163313,0.887721717,0.904493988,0.919191778,0.924165905,0.922549307,0.915120781,0.899185479,0.884411573,0.866176546,0.847871661,0.831888914,0.812845349,0.796216369,0.783812881,0.771787643,0.764023483,0.757065356,0.761400878,,2000,150,,,,
dos23-3 250 uL,0.001896295,0.001928743,0.001822957,0.001854282,0.001891589,0.001880461,0.001822203,0.001764291,0.001922165,0.0019484,0.001954173,0.001952301,0.002000798,0.00200163,0.001931863,0.002056454,0.00228102,0.00242375,0.002513305,0.002660512,0.002767258,0.003019223,0.003124127,0.003274489,0.003248278,0.003244157,0.003021542,0.002845576,0.002820302,0.002575093,0.002411385,0.002305638,0.002265173,0.002180716,0.00238192,0.002461808,0.002286823,0.002388817,0.002356699,0.00246501,0.002504322,0.002664914,0.002708125,0.002639989,0.002701405,0.002875359,0.002906004,0.002811209,0.003002358,0.00300804,0.002899906,0.002873848,0.002884922,0.002934645,0.002884271,0.002959717,0.00274798,0.002716487,0.002638297,0.002632541,0.002611056,0.002598946,0.002584806,0.002737899,0.002596551,0.002620744,0.00257038,0.0025984,0.002636812,0.002521636,0.002436661,0.002423906,0.002444419,0.002512289,0.002450406,0.002496486,0.002527339,0.002468759,0.002462199,0.002483026,0.002505312,0.002458945,0.002292964,0.002304831,0.00239595,0.002310556,0.002383638,0.002313523,0.002317505,0.002319925,0.002438665,0.002317843,0.002407975,0.002417945,0.00246134,0.00246501,0.002523199,0.002438796,0.002513539,0.002587046,0.002618712,0.002703906,0.002853054,0.002934254,0.00291218,0.002861288,0.003082673,0.003086349,0.003283174,0.00341345,0.00359933,0.003519258,0.003616557,0.003741841,0.003796597,0.00382023,0.003907932,0.003907201,0.003995834,0.004185963,0.004299934,0.004437131,0.004600192,0.004773443,0.00488228,0.004966033,0.005103676,0.005192214,0.005611521,0.005897363,0.005827203,0.006094679,0.006332218,0.006518275,0.006700784,0.006910432,0.00692737,0.007144154,0.007567774,0.007745718,0.007845365,0.007862261,0.008344738,0.008355478,0.008557479,0.008743435,0.00897553,0.009235962,0.009168249,0.009492661,0.009472607,0.009777786,0.009851368,0.010028554,0.01009831,0.010486581,0.010518564,0.010545748,0.010863096,0.010941826,0.011247138,0.011436323,0.011471007,0.011761583,0.011923906,0.012034843,0.012246657,0.012542869,0.013012759,0.013150522,0.013638272,0.014119538,0.014414194,0.015086298,0.015763765,0.016623048,0.017714756,0.018648513,0.019994007,0.021433201,0.022963084,0.024701398,0.026261173,0.02830548,0.030082775,0.032022621,0.033912975,0.035972785,0.038284998,0.040576618,0.043080702,0.045433532,0.047881309,0.050644062,0.053530779,0.056735441,0.059764564,0.062491525,0.065280423,0.067878343,0.070886806,0.073691115,0.076946273,0.080349341,0.083884433,0.087979771,0.092080235,0.09655454,0.10079211,0.105330341,0.110643506,0.115888052,0.121366948,0.127166554,0.133601368,0.14048861,0.148135081,0.154984221,0.163845122,0.172656268,0.182356581,0.192768276,0.202555031,0.213895708,0.224970594,0.237746418,0.249124646,0.262237608,0.272501767,0.285884976,0.298584253,0.310878247,0.321899533,0.332667261,0.343840212,0.355242968,0.36393863,0.371650159,0.380096793,0.385967642,0.391555011,0.396461576,0.399949968,0.402452171,0.403848767,0.404219359,0.403643817,0.402248263,0.400112987,0.39612788,0.391512871,0.386372447,0.381134152,0.376445055,0.369080812,0.361259133,0.353188515,0.347788274,0.340741903,0.333698839,0.326855958,0.320996314,0.317075402,0.314753205,0.314806432,0.318033427,0.325376898,0.337574571,0.352312386,0.373307288,0.396113992,0.418830484,0.454641163,0.494344026,0.536902905,0.594023228,0.646573722,0.696686864,0.738646805,0.777382195,0.813175082,0.84668833,0.869781971,0.893107474,0.908702016,0.92354393,0.931294143,0.929981947,0.921556652,0.907483757,0.894562244,0.877167881,0.860345483,0.844801068,0.829752028,0.814322889,0.804735363,0.794751644,0.792690754,0.792727113,0.803201437,,2000,250,,,,
dos23-3 500 uL,0.002256742,0.002233428,0.001997079,0.002004673,0.002108214,0.002070681,0.001870374,0.001965094,0.001964262,0.002040484,0.001921775,0.001950325,0.002062072,0.001958697,0.001822697,0.001894319,0.002176501,0.002253697,0.002219299,0.002314434,0.002354539,0.002364794,0.002525438,0.00273618,0.002786563,0.002883046,0.002862982,0.003004652,0.003052094,0.003082021,0.003003374,0.003040598,0.00304005,0.002986849,0.003209602,0.003232108,0.003244652,0.003268308,0.003314214,0.003500104,0.00358547,0.003828509,0.003766176,0.003875518,0.003926164,0.004011484,0.003974413,0.003830989,0.003933713,0.003866456,0.003773226,0.00367986,0.003777221,0.003636761,0.003648482,0.003718134,0.003538231,0.003580485,0.003568636,0.003534656,0.003513074,0.003748107,0.003718578,0.003897014,0.003865385,0.00398097,0.003930082,0.003983791,0.00419106,0.004155306,0.004098859,0.004173627,0.004204834,0.004224778,0.004136751,0.004155123,0.004092561,0.003984026,0.003803569,0.003767429,0.003692156,0.003664171,0.00355436,0.003425947,0.003405231,0.003198884,0.003197946,0.00311521,0.003110569,0.002959221,0.003101913,0.003069899,0.003038173,0.003058115,0.003089034,0.003119512,0.003088304,0.003106528,0.003270786,0.003213983,0.003177632,0.003390465,0.003497834,0.003639685,0.003723695,0.0038926,0.004306026,0.004515724,0.004826497,0.005314101,0.005537239,0.00572988,0.005971261,0.006159395,0.006290877,0.006347794,0.00653956,0.006489476,0.00648183,0.006480253,0.00660358,0.006522663,0.006480831,0.006506581,0.006339572,0.006290824,0.00628179,0.00628875,0.006235254,0.006491236,0.006556878,0.006886183,0.00682107,0.006896177,0.007016912,0.007122076,0.00717447,0.007193682,0.007586898,0.007614769,0.007696495,0.007705349,0.008086316,0.008036185,0.008327217,0.008397702,0.008531686,0.008693465,0.008758517,0.00895431,0.009055319,0.009238553,0.009639236,0.009838314,0.009990436,0.01036737,0.010464306,0.01048027,0.010820366,0.010905857,0.011266691,0.01155426,0.01180688,0.012109793,0.012430231,0.012535063,0.012708629,0.013089265,0.013464627,0.013759294,0.014277046,0.014758913,0.015130092,0.015945287,0.016555732,0.017487377,0.018605361,0.0196307,0.021150297,0.022713166,0.024394806,0.026272172,0.028009616,0.030074092,0.031926882,0.033891927,0.035924334,0.038110033,0.040510148,0.042868309,0.045450374,0.047881164,0.050396565,0.053278621,0.056271087,0.059574015,0.062615089,0.065441377,0.068522595,0.071437359,0.0745029,0.077402286,0.080662102,0.08397761,0.08757551,0.091601148,0.09568771,0.100407921,0.104764752,0.109442905,0.114329942,0.120095179,0.125584841,0.131342024,0.137686893,0.144704238,0.152248129,0.159576565,0.168170556,0.177480742,0.187443271,0.19684203,0.207289562,0.218357027,0.230050743,0.242714793,0.254288107,0.267312467,0.277412862,0.291260153,0.304305553,0.316357136,0.327573836,0.338525653,0.349746585,0.360502869,0.369196415,0.377170563,0.385527283,0.39080736,0.396237731,0.401246935,0.40448758,0.406884074,0.408091098,0.408364743,0.407509089,0.405896574,0.403603852,0.3995713,0.394569874,0.389302582,0.384361386,0.37923646,0.371843934,0.363666266,0.355677724,0.350326389,0.343558908,0.336498112,0.330053568,0.32417953,0.320813596,0.318663389,0.319186062,0.322940201,0.330675155,0.343702078,0.359053761,0.380491167,0.403830648,0.427611768,0.464063585,0.506157875,0.547016978,0.605040789,0.659034967,0.706933558,0.750496447,0.789315105,0.827863932,0.860990286,0.885456979,0.908847928,0.926947177,0.941500783,0.949904859,0.950712144,0.945088685,0.932587564,0.923337042,0.908394218,0.896909773,0.884200156,0.872379005,0.86233604,0.857999384,0.856931269,0.862570643,0.876753569,0.903277516,,2000,500,,,,
dos23-3 1000 uL,0.00219375,0.0020905,0.001895879,0.00220054,0.002430856,0.00262801,0.002616186,0.002826242,0.002950308,0.002815404,0.002539967,0.002444731,0.002406127,0.002271027,0.00200124,0.001904693,0.002157145,0.002301292,0.002195389,0.002337388,0.002390874,0.002290856,0.002420496,0.00240696,0.002426873,0.002385876,0.002308162,0.002310556,0.002238658,0.002348995,0.002263247,0.002312872,0.002367735,0.002338481,0.002332391,0.002444939,0.002463969,0.002437598,0.002461626,0.002571708,0.002598946,0.002722322,0.002622723,0.002528354,0.002591863,0.002679917,0.002663977,0.002568635,0.002733367,0.002774006,0.002658663,0.00260004,0.002729772,0.002608556,0.00257801,0.002583843,0.002561735,0.002516091,0.002514971,0.002557412,0.002523095,0.002733028,0.00269966,0.002791356,0.002618061,0.002619884,0.002705807,0.002875255,0.0030095,0.002970194,0.003099228,0.003187515,0.003339751,0.003452169,0.003445385,0.003527505,0.00372628,0.003812918,0.003940505,0.003973446,0.004101576,0.004145427,0.004061022,0.004170491,0.004267857,0.004205357,0.004255362,0.004125252,0.004139259,0.004086107,0.004060552,0.003997324,0.003856061,0.003729674,0.003687692,0.00354058,0.003318231,0.003163108,0.003178884,0.003207855,0.003099098,0.003283696,0.003194269,0.003267734,0.003294233,0.003295094,0.003499321,0.003537291,0.003741032,0.003809184,0.003975275,0.004014985,0.004260224,0.004441917,0.004463467,0.004516849,0.004821261,0.00494815,0.005001382,0.00520196,0.005284989,0.005479065,0.00565597,0.005852731,0.005991863,0.006074938,0.006270261,0.006349554,0.006816626,0.007008388,0.007189182,0.007338352,0.007632894,0.007898506,0.007856066,0.008132655,0.008081622,0.008271755,0.009001165,0.009063381,0.008892532,0.008874355,0.009617296,0.009240272,0.009481814,0.009532482,0.009631111,0.00963569,0.009726798,0.010013878,0.010159915,0.010305364,0.01065246,0.010897894,0.011167131,0.011700708,0.011836327,0.012172802,0.012627261,0.012829899,0.013092093,0.013353618,0.013648663,0.013720098,0.01409868,0.014272739,0.01455781,0.014751495,0.015070593,0.015227535,0.015601906,0.01602258,0.016311301,0.016974075,0.017588234,0.018264893,0.01927733,0.020223895,0.021519175,0.02299761,0.024746666,0.026600678,0.028451527,0.030491171,0.032409109,0.034505978,0.036442075,0.038698893,0.041194648,0.043588649,0.046283334,0.048716288,0.051326063,0.054020528,0.057157092,0.060321175,0.063219078,0.065997481,0.068970352,0.071672536,0.074775934,0.077937931,0.081206039,0.084541813,0.088231884,0.092009813,0.096347965,0.100984417,0.105758704,0.110525824,0.116026126,0.121583618,0.127523974,0.133641452,0.140011281,0.147110641,0.155206934,0.162835226,0.171377689,0.181085452,0.191449896,0.201892182,0.211576954,0.222965688,0.234673023,0.247382164,0.258770883,0.271978289,0.282720774,0.296590954,0.309278637,0.321222901,0.332814097,0.343528569,0.354300529,0.365148008,0.373721272,0.381521225,0.389934063,0.395137727,0.400482625,0.405317873,0.408507496,0.410909206,0.411979556,0.411985427,0.411212862,0.40947327,0.407142371,0.402876794,0.397949636,0.392663032,0.387514502,0.382730126,0.375411063,0.36748907,0.359744668,0.354444534,0.347916454,0.341256917,0.335280776,0.330018461,0.326927662,0.325587392,0.326858282,0.331567258,0.339981616,0.353915572,0.370971799,0.392363191,0.418282062,0.444309026,0.480926514,0.523908556,0.568717182,0.628488123,0.682573676,0.729852796,0.7766487,0.815887988,0.853623688,0.887251556,0.912874281,0.93697679,0.956731021,0.972980499,0.984312952,0.985991001,0.984265685,0.974010825,0.968004286,0.957063913,0.948368251,0.939920723,0.932370484,0.92935282,0.93349123,0.938993752,0.957529664,0.986985624,1.038793802,,2000,1000,,,,
